[
    {
        "pk": 8, 
        "model": "contenttypes.contenttype", 
        "fields": {
            "model": "author", 
            "name": "author", 
            "app_label": "books"
        }
    }, 
    {
        "pk": 11, 
        "model": "contenttypes.contenttype", 
        "fields": {
            "model": "book", 
            "name": "book", 
            "app_label": "books"
        }
    }, 
    {
        "pk": 4, 
        "model": "contenttypes.contenttype", 
        "fields": {
            "model": "contenttype", 
            "name": "content type", 
            "app_label": "contenttypes"
        }
    }, 
    {
        "pk": 9, 
        "model": "contenttypes.contenttype", 
        "fields": {
            "model": "genre", 
            "name": "genre", 
            "app_label": "books"
        }
    }, 
    {
        "pk": 2, 
        "model": "contenttypes.contenttype", 
        "fields": {
            "model": "group", 
            "name": "group", 
            "app_label": "auth"
        }
    }, 
    {
        "pk": 7, 
        "model": "contenttypes.contenttype", 
        "fields": {
            "model": "logentry", 
            "name": "log entry", 
            "app_label": "admin"
        }
    }, 
    {
        "pk": 1, 
        "model": "contenttypes.contenttype", 
        "fields": {
            "model": "permission", 
            "name": "permission", 
            "app_label": "auth"
        }
    }, 
    {
        "pk": 14, 
        "model": "contenttypes.contenttype", 
        "fields": {
            "model": "post", 
            "name": "post", 
            "app_label": "discussions"
        }
    }, 
    {
        "pk": 12, 
        "model": "contenttypes.contenttype", 
        "fields": {
            "model": "registrationprofile", 
            "name": "registration profile", 
            "app_label": "registration"
        }
    }, 
    {
        "pk": 5, 
        "model": "contenttypes.contenttype", 
        "fields": {
            "model": "session", 
            "name": "session", 
            "app_label": "sessions"
        }
    }, 
    {
        "pk": 6, 
        "model": "contenttypes.contenttype", 
        "fields": {
            "model": "site", 
            "name": "site", 
            "app_label": "sites"
        }
    }, 
    {
        "pk": 13, 
        "model": "contenttypes.contenttype", 
        "fields": {
            "model": "topic", 
            "name": "topic", 
            "app_label": "discussions"
        }
    }, 
    {
        "pk": 3, 
        "model": "contenttypes.contenttype", 
        "fields": {
            "model": "user", 
            "name": "user", 
            "app_label": "auth"
        }
    }, 
    {
        "pk": "55c682f7b0eed1ee5c000f13a5fc517d", 
        "model": "sessions.session", 
        "fields": {
            "expire_date": "2013-03-17T02:23:08Z", 
            "session_data": "NDAxNDNkZDYwYzhiMDBmMjk3MWQ5NGQ5YzJlZTU3MjFhYjRlYjJjZDqAAn1xAShVCnRlc3Rjb29r\naWVxAlUGd29ya2VkcQNVDV9hdXRoX3VzZXJfaWSKAQlVEl9hdXRoX3VzZXJfYmFja2VuZFUpZGph\nbmdvLmNvbnRyaWIuYXV0aC5iYWNrZW5kcy5Nb2RlbEJhY2tlbmR1Lg==\n"
        }
    }, 
    {
        "pk": "6b8f7512cb1f12653eeacdf7f2e007fd", 
        "model": "sessions.session", 
        "fields": {
            "expire_date": "2013-04-18T04:14:32Z", 
            "session_data": "NGYwNTgwZDBhNDdlYjU5NDQzNTg1YTU2NDMxMjQzNjgyMGUwZWJjNTqAAn1xAS4=\n"
        }
    }, 
    {
        "pk": "c7648aa1c7fa46336a73906dab32b210", 
        "model": "sessions.session", 
        "fields": {
            "expire_date": "2013-03-19T08:34:19Z", 
            "session_data": "MzhiODFmY2UwYTJmM2Y3ZGEwOWNhOTYxMTNlY2MxMWNlMTI0NjI5NTqAAn1xAShVEl9hdXRoX3Vz\nZXJfYmFja2VuZHECVSlkamFuZ28uY29udHJpYi5hdXRoLmJhY2tlbmRzLk1vZGVsQmFja2VuZHED\nVQ1fYXV0aF91c2VyX2lkcQSKAQJ1Lg==\n"
        }
    }, 
    {
        "pk": "c8a76882c55eb40c5488465222febb6d", 
        "model": "sessions.session", 
        "fields": {
            "expire_date": "2013-02-25T01:35:36Z", 
            "session_data": "MDQ2YTI5ZTczZTc5ZDBiMGJlMTA2NmYxODEzZTNkYmEyMjUwN2Q3OTqAAn1xAShVEl9hdXRoX3Vz\nZXJfYmFja2VuZHECVSlkamFuZ28uY29udHJpYi5hdXRoLmJhY2tlbmRzLk1vZGVsQmFja2VuZHED\nVQ1fYXV0aF91c2VyX2lkcQSKAQF1Lg==\n"
        }
    }, 
    {
        "pk": 1, 
        "model": "sites.site", 
        "fields": {
            "domain": "127.0.0.1:8000", 
            "name": "bookreflect.com"
        }
    }, 
    {
        "pk": 1, 
        "model": "books.author", 
        "fields": {
            "bio": "Paulo Coelho was born in Rio de Janeiro in 1947, the son of an engineer and a housewife. He attended a Jesuit school, and from a young age Coelho dreamed of becoming a writer. According to Coelho, his parents responded to his artistic aspirations and to his introverted personality by committing him to a mental institution and approving electroconvulsive (\"shock\") therapy for their son.\r\n\r\nCoelho enrolled in law school as a young man but dropped out to travel, through Latin America, North Africa, and Europe. He became involved with a theater group as an actor and director and worked as a journalist, founding a magazine called 2001. He also wrote lyrics for rock songs and collaborated on a political comic strip.\r\n\r\nBecause of his progressive activities, Coelho was kidnapped and tortured by a Brazilian paramilitary group in 1974. Afterwards, retreating into conventionality, he worked as a music-industry executive.\r\n\r\nHis life's major turning point occurred when Coelho met a stranger in an Amsterdam caf\u00e9 who told him to make the traditional Roman Catholic pilgrimage to Santiago de Compostela in Northern Spain. Coelho did so in 1986. As a result, he experienced an epiphany that readers of The Alchemist will recognize: He decided to follow his dream. Coelho set out to become a writer.", 
            "first_name": "Paulo", 
            "last_name": "Coelho"
        }
    }, 
    {
        "pk": 2, 
        "model": "books.author", 
        "fields": {
            "bio": "Ken Kesey was one of Oregon's most famous, critically acclaimed, and controversial authors. His rise to literary and cultural prominence was the product of his distinctive skills and experiences.\r\n\r\nKesey was born on September 17, 1935, in La Junta, Colorado, and in 1946 he and his family moved to Springfield, Oregon. In both high school and at the University of Oregon, Kesey was a champion wrestler. After earning a Bachelor of Arts degree from the University of Oregon's School of Journalism in 1957, Kesey attended Stanford University's creative writing program under the tutelage of acclaimed historian, novelist, and short story writer Wallace Stegner. While at Stanford, Kesey participated in U.S. Army experiments involving lysergic acid diethylamide (LSD) and mescalin. These hallucinogenic experiences would change Kesey's outlook on life and inspire his writings.\r\n\r\nHe published One Flew Over the Cuckoo's Nest in 1962 and the quintessential Oregon novel Sometimes a Great Notion in 1964. Both novels explore what Kesey saw as the conflict between modern industrial society and individuality, a struggle between conformity and freedom. This struggle was also central to Kesey's personal life, where he turned to psychedelic drugs to find personal liberation.\r\n\r\nConsidered a founding father of the 1960s counterculture, Kesey promoted drug use as a path to individual freedom. He founded a group known as the Merry Pranksters and in 1964 he and the Pranksters traveled the country in a day-glo colored school bus named \"Further.\" This bus was sometimes piloted by Neal Cassady, a Beat icon made famous in Jack Kerouac's 1957 largely autobiographical novel On the Road. The Pranksters were notorious for their \u201cacid tests\u201d and became the inspiration for Tom Wolfe's book The Electric Kool-Aid Acid Test, published in 1968. The Pranksters also promoted the \u201cWarlocks,\u201d a band later known as the Grateful Dead.\r\n\r\nIn 1965, Kesey's drug use landed him in jail for six months. Upon his release, Kesey moved to a farm near Eugene to raise his family. He would publish a loosely organized memoir of his experiences in 1973's Kesey's Garage Sale. In 1975 One Flew Over the Cuckoo's Nest became an Oscar winning film and Kesey briefly worked as a professor of writing at the University of Oregon. He published his third novel, Sailor Song in 1992, and lived in Pleasant Hill, Oregon, until his death on November 10, 2001.", 
            "first_name": "Ken", 
            "last_name": "Kesey"
        }
    }, 
    {
        "pk": 3, 
        "model": "books.author", 
        "fields": {
            "bio": "Mitch Albom is an internationally renowned and best-selling author, journalist, screenwriter, playwright, radio and television broadcaster and musician. His books have collectively sold over 33 million copies worldwide; have been published in forty-one territories and in forty-two languages around the world; and have been made into Emmy Award-winning and critically-acclaimed television movies.\r\n", 
            "first_name": "Mitch ", 
            "last_name": "Albom"
        }
    }, 
    {
        "pk": 4, 
        "model": "books.author", 
        "fields": {
            "bio": "Mark Twain", 
            "first_name": "Mark", 
            "last_name": "Twain"
        }
    }, 
    {
        "pk": 5, 
        "model": "books.author", 
        "fields": {
            "bio": "Washington Irving", 
            "first_name": "Washington", 
            "last_name": "Irving"
        }
    }, 
    {
        "pk": 6, 
        "model": "books.author", 
        "fields": {
            "bio": "Jane Austen", 
            "first_name": "Jane", 
            "last_name": "Austen"
        }
    }, 
    {
        "pk": 7, 
        "model": "books.author", 
        "fields": {
            "bio": "William Apes", 
            "first_name": "William ", 
            "last_name": "Apes"
        }
    }, 
    {
        "pk": 8, 
        "model": "books.author", 
        "fields": {
            "bio": "Grace King", 
            "first_name": "Grace", 
            "last_name": "King"
        }
    }, 
    {
        "pk": 9, 
        "model": "books.author", 
        "fields": {
            "bio": "Edgar Allan Poe", 
            "first_name": "Edgar Allan", 
            "last_name": "Poe"
        }
    }, 
    {
        "pk": 10, 
        "model": "books.author", 
        "fields": {
            "bio": "Jonathan Edwards", 
            "first_name": "Jonathan", 
            "last_name": "Edwards"
        }
    }, 
    {
        "pk": 11, 
        "model": "books.author", 
        "fields": {
            "bio": "Susanna Rowson", 
            "first_name": "Susanna", 
            "last_name": "Rowson"
        }
    }, 
    {
        "pk": 12, 
        "model": "books.author", 
        "fields": {
            "bio": "Harriet Prescott Spofford", 
            "first_name": "Harriet Prescott ", 
            "last_name": "Spofford"
        }
    }, 
    {
        "pk": 13, 
        "model": "books.author", 
        "fields": {
            "bio": "Robert Grant", 
            "first_name": "Robert", 
            "last_name": "Grant"
        }
    }, 
    {
        "pk": 14, 
        "model": "books.author", 
        "fields": {
            "bio": "Bret Harte", 
            "first_name": "Bret", 
            "last_name": "Harte"
        }
    }, 
    {
        "pk": 15, 
        "model": "books.author", 
        "fields": {
            "bio": "Henry James", 
            "first_name": "Henry", 
            "last_name": "James"
        }
    }, 
    {
        "pk": 16, 
        "model": "books.author", 
        "fields": {
            "bio": "Anzia Yezierska", 
            "first_name": "Anzia", 
            "last_name": "Yezierska"
        }
    }, 
    {
        "pk": 17, 
        "model": "books.author", 
        "fields": {
            "bio": "Charles Dudley Warner", 
            "first_name": "Charles Dudley", 
            "last_name": "Warner"
        }
    }, 
    {
        "pk": 18, 
        "model": "books.author", 
        "fields": {
            "bio": "Samson Occom", 
            "first_name": "Samson", 
            "last_name": "Occom"
        }
    }, 
    {
        "pk": 19, 
        "model": "books.author", 
        "fields": {
            "bio": "WIlliam Bradford", 
            "first_name": "William", 
            "last_name": "Bradford"
        }
    }, 
    {
        "pk": 20, 
        "model": "books.author", 
        "fields": {
            "bio": "William Cullen Bryant", 
            "first_name": "William Cullen ", 
            "last_name": "Bryant"
        }
    }, 
    {
        "pk": 21, 
        "model": "books.author", 
        "fields": {
            "bio": "Stephen Crane", 
            "first_name": "Stephen", 
            "last_name": "Crane"
        }
    }, 
    {
        "pk": 22, 
        "model": "books.author", 
        "fields": {
            "bio": "Theodore Dreiser", 
            "first_name": "Theodore", 
            "last_name": "Dreiser"
        }
    }, 
    {
        "pk": 23, 
        "model": "books.author", 
        "fields": {
            "bio": "Ralph Waldo Emerson", 
            "first_name": "Ralph Waldo", 
            "last_name": "Emerson"
        }
    }, 
    {
        "pk": 24, 
        "model": "books.author", 
        "fields": {
            "bio": "Benjamin Franklin", 
            "first_name": "Benjamin", 
            "last_name": "Franklin"
        }
    }, 
    {
        "pk": 25, 
        "model": "books.author", 
        "fields": {
            "bio": "Walt Whitman", 
            "first_name": "Walt", 
            "last_name": "Whitman"
        }
    }, 
    {
        "pk": 26, 
        "model": "books.author", 
        "fields": {
            "bio": "Catharine Maria Sedgwick", 
            "first_name": "Catharine Maria ", 
            "last_name": "Sedgwick"
        }
    }, 
    {
        "pk": 27, 
        "model": "books.author", 
        "fields": {
            "bio": "Frank Norris", 
            "first_name": "Frank", 
            "last_name": "Norris"
        }
    }, 
    {
        "pk": 28, 
        "model": "books.author", 
        "fields": {
            "bio": "Cotton Mather", 
            "first_name": "Cotton", 
            "last_name": "Mather"
        }
    }, 
    {
        "pk": 3, 
        "model": "books.genre", 
        "fields": {
            "name": "Adventure"
        }
    }, 
    {
        "pk": 4, 
        "model": "books.genre", 
        "fields": {
            "name": "Fiction"
        }
    }, 
    {
        "pk": 5, 
        "model": "books.genre", 
        "fields": {
            "name": "Fantasy"
        }
    }, 
    {
        "pk": 6, 
        "model": "books.genre", 
        "fields": {
            "name": "History"
        }
    }, 
    {
        "pk": 7, 
        "model": "books.genre", 
        "fields": {
            "name": "Horror"
        }
    }, 
    {
        "pk": 8, 
        "model": "books.genre", 
        "fields": {
            "name": "War"
        }
    }, 
    {
        "pk": 9, 
        "model": "books.genre", 
        "fields": {
            "name": "Science Fiction"
        }
    }, 
    {
        "pk": 10, 
        "model": "books.genre", 
        "fields": {
            "name": "Politics"
        }
    }, 
    {
        "pk": 11, 
        "model": "books.genre", 
        "fields": {
            "name": "Religion"
        }
    }, 
    {
        "pk": 12, 
        "model": "books.genre", 
        "fields": {
            "name": "Romance"
        }
    }, 
    {
        "pk": 13, 
        "model": "books.genre", 
        "fields": {
            "name": "Poetry"
        }
    }, 
    {
        "pk": 14, 
        "model": "books.genre", 
        "fields": {
            "name": "Music"
        }
    }, 
    {
        "pk": 15, 
        "model": "books.genre", 
        "fields": {
            "name": "Biography"
        }
    }, 
    {
        "pk": 16, 
        "model": "books.genre", 
        "fields": {
            "name": "nice genre"
        }
    }, 
    {
        "pk": 1, 
        "model": "books.book", 
        "fields": {
            "isbn": "978-006112241", 
            "description": "Brazilian writer Coelho has published five titles in 45 languages in 120 countries, and has sold 23 million books. It's easy to see why. This charming, simple and well-written allegory tells of a boy, Santiago, who has the imagination and courage to follow his \"Personal Legend.\" Santiago finds fairy godfathers at many turns who help him learn to keep up his courage, and to read omens and his own heart. The book's inspirational message follow your heart and do your own thing is oblique enough, to allow readers to interpret it in any way they choose, with whatever degree and form of spirituality one adheres to: \"To realize one's destiny is a person's only obligation.\" But apparently only men need apply; a woman's destiny is to wait for her hero to find his treasure and return home to her. The real treasure here is Jeremy Irons. His intriguing, subtle and powerful performance carries us along on the boy's adventures, into his confusions and insights, through discussions with kings and animals, through the desert and the sun and even through the philosophical passages. Based on the Harper San Francisco hardcover.", 
            "author": 1, 
            "title": "The Alchemist", 
            "cover": "covers/alchemist1.jpg", 
            "genre": 4, 
            "pub_date": "2013-02-11T02:15:04Z"
        }
    }, 
    {
        "pk": 2, 
        "model": "books.book", 
        "fields": {
            "isbn": "978-014118122", 
            "description": "Boisterous, ribald, and ultimately shattering, Ken Kesey\u2019s One Flew Over the Cuckoo\u2019s Nest is the seminal novel of the 1960s that has left an indelible mark on the literature of our time. Here is the unforgettable story of a mental ward and its inhabitants, especially the tyrannical Big Nurse Ratched and Randle Patrick McMurphy, the brawling, fun-loving new inmate who resolves to oppose her. We see the struggle through the eyes of Chief Bromden, the seemingly mute half-Indian patient who witnesses and understands McMurphy\u2019s heroic attempt to do battle with the awesome powers that keep them all imprisoned.\r\nThis edition includes a new foreword by Kesey, a new text introduction by Robert Faggen, and line drawings the author made when writing the book, many never before published.", 
            "author": 2, 
            "title": "One Flew Over the Cuckoo\u2019s Nest", 
            "cover": "", 
            "genre": 4, 
            "pub_date": "2013-02-11T02:16:25Z"
        }
    }, 
    {
        "pk": 3, 
        "model": "books.book", 
        "fields": {
            "isbn": "978-192079821", 
            "description": "Plot Eddie is a wounded war veteran, an old man who has lived, in his mind, an uninspired life. His job is fixing rides at a seaside amusement park. On his 83rd birthday, a tragic accident kills him, as he tries to save a little girl from a falling cart. He awakes in the afterlife, where he learns that heaven is not a destination. It's a place where your life is explained to you by five people, some of whom you knew, others who may have been strangers. One by one, from childhood to soldier to old age, Eddie's five people revisit their connections to him on earth, illuminating the mysteries of his \"meaningless\" life, and revealing the haunting secret behind the eternal question: \"Why was I here\" .", 
            "author": 3, 
            "title": "The Five People You Meet in Heaven", 
            "cover": "", 
            "genre": 5, 
            "pub_date": "2013-02-11T02:19:11Z"
        }
    }, 
    {
        "pk": 4, 
        "model": "books.book", 
        "fields": {
            "isbn": "978-192079821", 
            "description": "sdfsf", 
            "author": 2, 
            "title": "book", 
            "cover": "", 
            "genre": 4, 
            "pub_date": "2013-02-11T02:43:15Z"
        }
    }, 
    {
        "pk": 5, 
        "model": "books.book", 
        "fields": {
            "isbn": "test", 
            "description": "erewr", 
            "author": 3, 
            "title": "test", 
            "cover": "", 
            "genre": 9, 
            "pub_date": "2013-02-12T00:56:59Z"
        }
    }, 
    {
        "pk": 6, 
        "model": "books.book", 
        "fields": {
            "isbn": "978-192079822", 
            "description": "bla", 
            "author": 2, 
            "title": "New Book", 
            "cover": "covers/book.jpeg", 
            "genre": 3, 
            "pub_date": "2013-03-08T03:35:25Z"
        }
    }, 
    {
        "pk": 7, 
        "model": "books.book", 
        "fields": {
            "isbn": "1234", 
            "description": "rerer", 
            "author": 9, 
            "title": "booke", 
            "cover": "covers/book_1.jpeg", 
            "genre": 3, 
            "pub_date": "2013-03-25T01:29:36Z"
        }
    }, 
    {
        "pk": 19, 
        "model": "auth.permission", 
        "fields": {
            "codename": "add_logentry", 
            "name": "Can add log entry", 
            "content_type": [
                "admin", 
                "logentry"
            ]
        }
    }, 
    {
        "pk": 20, 
        "model": "auth.permission", 
        "fields": {
            "codename": "change_logentry", 
            "name": "Can change log entry", 
            "content_type": [
                "admin", 
                "logentry"
            ]
        }
    }, 
    {
        "pk": 21, 
        "model": "auth.permission", 
        "fields": {
            "codename": "delete_logentry", 
            "name": "Can delete log entry", 
            "content_type": [
                "admin", 
                "logentry"
            ]
        }
    }, 
    {
        "pk": 4, 
        "model": "auth.permission", 
        "fields": {
            "codename": "add_group", 
            "name": "Can add group", 
            "content_type": [
                "auth", 
                "group"
            ]
        }
    }, 
    {
        "pk": 5, 
        "model": "auth.permission", 
        "fields": {
            "codename": "change_group", 
            "name": "Can change group", 
            "content_type": [
                "auth", 
                "group"
            ]
        }
    }, 
    {
        "pk": 6, 
        "model": "auth.permission", 
        "fields": {
            "codename": "delete_group", 
            "name": "Can delete group", 
            "content_type": [
                "auth", 
                "group"
            ]
        }
    }, 
    {
        "pk": 1, 
        "model": "auth.permission", 
        "fields": {
            "codename": "add_permission", 
            "name": "Can add permission", 
            "content_type": [
                "auth", 
                "permission"
            ]
        }
    }, 
    {
        "pk": 2, 
        "model": "auth.permission", 
        "fields": {
            "codename": "change_permission", 
            "name": "Can change permission", 
            "content_type": [
                "auth", 
                "permission"
            ]
        }
    }, 
    {
        "pk": 3, 
        "model": "auth.permission", 
        "fields": {
            "codename": "delete_permission", 
            "name": "Can delete permission", 
            "content_type": [
                "auth", 
                "permission"
            ]
        }
    }, 
    {
        "pk": 7, 
        "model": "auth.permission", 
        "fields": {
            "codename": "add_user", 
            "name": "Can add user", 
            "content_type": [
                "auth", 
                "user"
            ]
        }
    }, 
    {
        "pk": 8, 
        "model": "auth.permission", 
        "fields": {
            "codename": "change_user", 
            "name": "Can change user", 
            "content_type": [
                "auth", 
                "user"
            ]
        }
    }, 
    {
        "pk": 9, 
        "model": "auth.permission", 
        "fields": {
            "codename": "delete_user", 
            "name": "Can delete user", 
            "content_type": [
                "auth", 
                "user"
            ]
        }
    }, 
    {
        "pk": 22, 
        "model": "auth.permission", 
        "fields": {
            "codename": "add_author", 
            "name": "Can add author", 
            "content_type": [
                "books", 
                "author"
            ]
        }
    }, 
    {
        "pk": 23, 
        "model": "auth.permission", 
        "fields": {
            "codename": "change_author", 
            "name": "Can change author", 
            "content_type": [
                "books", 
                "author"
            ]
        }
    }, 
    {
        "pk": 24, 
        "model": "auth.permission", 
        "fields": {
            "codename": "delete_author", 
            "name": "Can delete author", 
            "content_type": [
                "books", 
                "author"
            ]
        }
    }, 
    {
        "pk": 31, 
        "model": "auth.permission", 
        "fields": {
            "codename": "add_book", 
            "name": "Can add book", 
            "content_type": [
                "books", 
                "book"
            ]
        }
    }, 
    {
        "pk": 32, 
        "model": "auth.permission", 
        "fields": {
            "codename": "change_book", 
            "name": "Can change book", 
            "content_type": [
                "books", 
                "book"
            ]
        }
    }, 
    {
        "pk": 33, 
        "model": "auth.permission", 
        "fields": {
            "codename": "delete_book", 
            "name": "Can delete book", 
            "content_type": [
                "books", 
                "book"
            ]
        }
    }, 
    {
        "pk": 25, 
        "model": "auth.permission", 
        "fields": {
            "codename": "add_genre", 
            "name": "Can add genre", 
            "content_type": [
                "books", 
                "genre"
            ]
        }
    }, 
    {
        "pk": 26, 
        "model": "auth.permission", 
        "fields": {
            "codename": "change_genre", 
            "name": "Can change genre", 
            "content_type": [
                "books", 
                "genre"
            ]
        }
    }, 
    {
        "pk": 27, 
        "model": "auth.permission", 
        "fields": {
            "codename": "delete_genre", 
            "name": "Can delete genre", 
            "content_type": [
                "books", 
                "genre"
            ]
        }
    }, 
    {
        "pk": 10, 
        "model": "auth.permission", 
        "fields": {
            "codename": "add_contenttype", 
            "name": "Can add content type", 
            "content_type": [
                "contenttypes", 
                "contenttype"
            ]
        }
    }, 
    {
        "pk": 11, 
        "model": "auth.permission", 
        "fields": {
            "codename": "change_contenttype", 
            "name": "Can change content type", 
            "content_type": [
                "contenttypes", 
                "contenttype"
            ]
        }
    }, 
    {
        "pk": 12, 
        "model": "auth.permission", 
        "fields": {
            "codename": "delete_contenttype", 
            "name": "Can delete content type", 
            "content_type": [
                "contenttypes", 
                "contenttype"
            ]
        }
    }, 
    {
        "pk": 40, 
        "model": "auth.permission", 
        "fields": {
            "codename": "add_post", 
            "name": "Can add post", 
            "content_type": [
                "discussions", 
                "post"
            ]
        }
    }, 
    {
        "pk": 41, 
        "model": "auth.permission", 
        "fields": {
            "codename": "change_post", 
            "name": "Can change post", 
            "content_type": [
                "discussions", 
                "post"
            ]
        }
    }, 
    {
        "pk": 42, 
        "model": "auth.permission", 
        "fields": {
            "codename": "delete_post", 
            "name": "Can delete post", 
            "content_type": [
                "discussions", 
                "post"
            ]
        }
    }, 
    {
        "pk": 37, 
        "model": "auth.permission", 
        "fields": {
            "codename": "add_topic", 
            "name": "Can add topic", 
            "content_type": [
                "discussions", 
                "topic"
            ]
        }
    }, 
    {
        "pk": 38, 
        "model": "auth.permission", 
        "fields": {
            "codename": "change_topic", 
            "name": "Can change topic", 
            "content_type": [
                "discussions", 
                "topic"
            ]
        }
    }, 
    {
        "pk": 39, 
        "model": "auth.permission", 
        "fields": {
            "codename": "delete_topic", 
            "name": "Can delete topic", 
            "content_type": [
                "discussions", 
                "topic"
            ]
        }
    }, 
    {
        "pk": 34, 
        "model": "auth.permission", 
        "fields": {
            "codename": "add_registrationprofile", 
            "name": "Can add registration profile", 
            "content_type": [
                "registration", 
                "registrationprofile"
            ]
        }
    }, 
    {
        "pk": 35, 
        "model": "auth.permission", 
        "fields": {
            "codename": "change_registrationprofile", 
            "name": "Can change registration profile", 
            "content_type": [
                "registration", 
                "registrationprofile"
            ]
        }
    }, 
    {
        "pk": 36, 
        "model": "auth.permission", 
        "fields": {
            "codename": "delete_registrationprofile", 
            "name": "Can delete registration profile", 
            "content_type": [
                "registration", 
                "registrationprofile"
            ]
        }
    }, 
    {
        "pk": 13, 
        "model": "auth.permission", 
        "fields": {
            "codename": "add_session", 
            "name": "Can add session", 
            "content_type": [
                "sessions", 
                "session"
            ]
        }
    }, 
    {
        "pk": 14, 
        "model": "auth.permission", 
        "fields": {
            "codename": "change_session", 
            "name": "Can change session", 
            "content_type": [
                "sessions", 
                "session"
            ]
        }
    }, 
    {
        "pk": 15, 
        "model": "auth.permission", 
        "fields": {
            "codename": "delete_session", 
            "name": "Can delete session", 
            "content_type": [
                "sessions", 
                "session"
            ]
        }
    }, 
    {
        "pk": 16, 
        "model": "auth.permission", 
        "fields": {
            "codename": "add_site", 
            "name": "Can add site", 
            "content_type": [
                "sites", 
                "site"
            ]
        }
    }, 
    {
        "pk": 17, 
        "model": "auth.permission", 
        "fields": {
            "codename": "change_site", 
            "name": "Can change site", 
            "content_type": [
                "sites", 
                "site"
            ]
        }
    }, 
    {
        "pk": 18, 
        "model": "auth.permission", 
        "fields": {
            "codename": "delete_site", 
            "name": "Can delete site", 
            "content_type": [
                "sites", 
                "site"
            ]
        }
    }, 
    {
        "pk": 1, 
        "model": "auth.user", 
        "fields": {
            "username": "admin", 
            "first_name": "", 
            "last_name": "", 
            "is_active": true, 
            "is_superuser": true, 
            "is_staff": true, 
            "last_login": "2013-04-04T04:14:28Z", 
            "groups": [], 
            "user_permissions": [], 
            "password": "pbkdf2_sha256$10000$MLDBta5z2CQV$kT5FiKggk+2I1nW4HAdsmEiW5CzgQNlaT3z+gzycOXE=", 
            "email": "gk@ids.am", 
            "date_joined": "2013-02-10T23:31:52Z"
        }
    }, 
    {
        "pk": 2, 
        "model": "auth.user", 
        "fields": {
            "username": "user", 
            "first_name": "Gayane", 
            "last_name": "Kabalyan", 
            "is_active": true, 
            "is_superuser": false, 
            "is_staff": false, 
            "last_login": "2013-03-27T22:08:00Z", 
            "groups": [], 
            "user_permissions": [], 
            "password": "pbkdf2_sha256$10000$THXFvgM60ndN$H33h0aOueeCJz+U56gIRLI01fvd8BNUEwHhdnh1WTSg=", 
            "email": "", 
            "date_joined": "2013-02-26T22:32:41Z"
        }
    }, 
    {
        "pk": 3, 
        "model": "auth.user", 
        "fields": {
            "username": "user2", 
            "first_name": "", 
            "last_name": "", 
            "is_active": true, 
            "is_superuser": false, 
            "is_staff": false, 
            "last_login": "2013-02-26T22:32:50Z", 
            "groups": [], 
            "user_permissions": [], 
            "password": "pbkdf2_sha256$10000$GwLAywRuZqBu$vF1xBPHkRjnFKpId8e9FBdBaAbRNzuun9KeLj4mQU1g=", 
            "email": "", 
            "date_joined": "2013-02-26T22:32:50Z"
        }
    }, 
    {
        "pk": 9, 
        "model": "auth.user", 
        "fields": {
            "username": "sariag", 
            "first_name": "", 
            "last_name": "", 
            "is_active": true, 
            "is_superuser": false, 
            "is_staff": false, 
            "last_login": "2013-03-05T02:15:33Z", 
            "groups": [], 
            "user_permissions": [], 
            "password": "pbkdf2_sha256$10000$3hvseVtCpHI2$Lsl1y8xpYYN8EyYPX6Z5nMHovfBLzCPD3obVHnyOkr4=", 
            "email": "saro@ids.am", 
            "date_joined": "2013-03-03T01:53:33Z"
        }
    }, 
    {
        "pk": 10, 
        "model": "auth.user", 
        "fields": {
            "username": "Gayane", 
            "first_name": "", 
            "last_name": "", 
            "is_active": true, 
            "is_superuser": false, 
            "is_staff": false, 
            "last_login": "2013-03-30T19:15:44Z", 
            "groups": [], 
            "user_permissions": [], 
            "password": "pbkdf2_sha256$10000$PmDd51WHDaqT$PGgVu12HLS74049nvVWY3nxx6+bgjMtdG0fHfq8kRTI=", 
            "email": "gk@ids.am", 
            "date_joined": "2013-03-25T19:10:32Z"
        }
    }, 
    {
        "pk": 11, 
        "model": "auth.user", 
        "fields": {
            "username": "user1", 
            "first_name": "", 
            "last_name": "", 
            "is_active": true, 
            "is_superuser": false, 
            "is_staff": false, 
            "last_login": "2013-03-25T22:58:49Z", 
            "groups": [], 
            "user_permissions": [], 
            "password": "pbkdf2_sha256$10000$LfD2x4N17sQa$7ZGZbo2Wx9CmPDIyJhChDOpUGXanoJu8Lm9c3vIoAhE=", 
            "email": "gk@ids.am", 
            "date_joined": "2013-03-25T22:58:49Z"
        }
    }, 
    {
        "pk": 12, 
        "model": "auth.user", 
        "fields": {
            "username": "larsonha", 
            "first_name": "", 
            "last_name": "", 
            "is_active": false, 
            "is_superuser": false, 
            "is_staff": false, 
            "last_login": "2013-04-02T20:18:02Z", 
            "groups": [], 
            "user_permissions": [], 
            "password": "pbkdf2_sha256$10000$jgsJVjYlxgH1$H12ctJNlE0E7uianPWbBuFddrOY6KxDp78S0CXGfN78=", 
            "email": "larsonha@mail.gvsu.edu", 
            "date_joined": "2013-04-02T20:18:02Z"
        }
    }, 
    {
        "pk": 69, 
        "model": "admin.logentry", 
        "fields": {
            "action_flag": 2, 
            "action_time": "2013-04-02T21:59:59Z", 
            "object_repr": "127.0.0.1:8000", 
            "object_id": "1", 
            "change_message": "Changed name.", 
            "user": [
                "admin"
            ], 
            "content_type": [
                "sites", 
                "site"
            ]
        }
    }, 
    {
        "pk": 68, 
        "model": "admin.logentry", 
        "fields": {
            "action_flag": 2, 
            "action_time": "2013-03-25T23:22:19Z", 
            "object_repr": "Albom Mitch ", 
            "object_id": "3", 
            "change_message": "Changed bio.", 
            "user": [
                "admin"
            ], 
            "content_type": [
                "books", 
                "author"
            ]
        }
    }, 
    {
        "pk": 67, 
        "model": "admin.logentry", 
        "fields": {
            "action_flag": 1, 
            "action_time": "2013-03-25T01:29:36Z", 
            "object_repr": "booke", 
            "object_id": "7", 
            "change_message": "", 
            "user": [
                "admin"
            ], 
            "content_type": [
                "books", 
                "book"
            ]
        }
    }, 
    {
        "pk": 66, 
        "model": "admin.logentry", 
        "fields": {
            "action_flag": 1, 
            "action_time": "2013-03-24T23:10:31Z", 
            "object_repr": "Mather Cotton", 
            "object_id": "28", 
            "change_message": "", 
            "user": [
                "admin"
            ], 
            "content_type": [
                "books", 
                "author"
            ]
        }
    }, 
    {
        "pk": 65, 
        "model": "admin.logentry", 
        "fields": {
            "action_flag": 1, 
            "action_time": "2013-03-24T23:10:10Z", 
            "object_repr": "Norris Frank", 
            "object_id": "27", 
            "change_message": "", 
            "user": [
                "admin"
            ], 
            "content_type": [
                "books", 
                "author"
            ]
        }
    }, 
    {
        "pk": 64, 
        "model": "admin.logentry", 
        "fields": {
            "action_flag": 1, 
            "action_time": "2013-03-24T23:09:44Z", 
            "object_repr": "Sedgwick Catharine Maria ", 
            "object_id": "26", 
            "change_message": "", 
            "user": [
                "admin"
            ], 
            "content_type": [
                "books", 
                "author"
            ]
        }
    }, 
    {
        "pk": 63, 
        "model": "admin.logentry", 
        "fields": {
            "action_flag": 1, 
            "action_time": "2013-03-24T23:09:12Z", 
            "object_repr": "Whitman Walt", 
            "object_id": "25", 
            "change_message": "", 
            "user": [
                "admin"
            ], 
            "content_type": [
                "books", 
                "author"
            ]
        }
    }, 
    {
        "pk": 62, 
        "model": "admin.logentry", 
        "fields": {
            "action_flag": 1, 
            "action_time": "2013-03-24T23:08:50Z", 
            "object_repr": "Franklin Benjamin", 
            "object_id": "24", 
            "change_message": "", 
            "user": [
                "admin"
            ], 
            "content_type": [
                "books", 
                "author"
            ]
        }
    }, 
    {
        "pk": 61, 
        "model": "admin.logentry", 
        "fields": {
            "action_flag": 1, 
            "action_time": "2013-03-24T23:08:32Z", 
            "object_repr": "Emerson Ralph Waldo", 
            "object_id": "23", 
            "change_message": "", 
            "user": [
                "admin"
            ], 
            "content_type": [
                "books", 
                "author"
            ]
        }
    }, 
    {
        "pk": 60, 
        "model": "admin.logentry", 
        "fields": {
            "action_flag": 1, 
            "action_time": "2013-03-24T23:08:13Z", 
            "object_repr": "Dreiser Theodore", 
            "object_id": "22", 
            "change_message": "", 
            "user": [
                "admin"
            ], 
            "content_type": [
                "books", 
                "author"
            ]
        }
    }, 
    {
        "pk": 59, 
        "model": "admin.logentry", 
        "fields": {
            "action_flag": 1, 
            "action_time": "2013-03-24T23:07:51Z", 
            "object_repr": "Crane Stephen", 
            "object_id": "21", 
            "change_message": "", 
            "user": [
                "admin"
            ], 
            "content_type": [
                "books", 
                "author"
            ]
        }
    }, 
    {
        "pk": 58, 
        "model": "admin.logentry", 
        "fields": {
            "action_flag": 1, 
            "action_time": "2013-03-24T23:07:24Z", 
            "object_repr": "Bryant William Cullen ", 
            "object_id": "20", 
            "change_message": "", 
            "user": [
                "admin"
            ], 
            "content_type": [
                "books", 
                "author"
            ]
        }
    }, 
    {
        "pk": 57, 
        "model": "admin.logentry", 
        "fields": {
            "action_flag": 1, 
            "action_time": "2013-03-24T23:07:04Z", 
            "object_repr": "Bradford William", 
            "object_id": "19", 
            "change_message": "", 
            "user": [
                "admin"
            ], 
            "content_type": [
                "books", 
                "author"
            ]
        }
    }, 
    {
        "pk": 56, 
        "model": "admin.logentry", 
        "fields": {
            "action_flag": 1, 
            "action_time": "2013-03-24T23:06:41Z", 
            "object_repr": "Occom Samson", 
            "object_id": "18", 
            "change_message": "", 
            "user": [
                "admin"
            ], 
            "content_type": [
                "books", 
                "author"
            ]
        }
    }, 
    {
        "pk": 55, 
        "model": "admin.logentry", 
        "fields": {
            "action_flag": 1, 
            "action_time": "2013-03-24T23:06:00Z", 
            "object_repr": "Warner Charles Dudley", 
            "object_id": "17", 
            "change_message": "", 
            "user": [
                "admin"
            ], 
            "content_type": [
                "books", 
                "author"
            ]
        }
    }, 
    {
        "pk": 54, 
        "model": "admin.logentry", 
        "fields": {
            "action_flag": 1, 
            "action_time": "2013-03-24T23:05:40Z", 
            "object_repr": "Yezierska Anzia", 
            "object_id": "16", 
            "change_message": "", 
            "user": [
                "admin"
            ], 
            "content_type": [
                "books", 
                "author"
            ]
        }
    }, 
    {
        "pk": 53, 
        "model": "admin.logentry", 
        "fields": {
            "action_flag": 1, 
            "action_time": "2013-03-24T23:05:15Z", 
            "object_repr": "James Henry", 
            "object_id": "15", 
            "change_message": "", 
            "user": [
                "admin"
            ], 
            "content_type": [
                "books", 
                "author"
            ]
        }
    }, 
    {
        "pk": 52, 
        "model": "admin.logentry", 
        "fields": {
            "action_flag": 1, 
            "action_time": "2013-03-24T23:05:00Z", 
            "object_repr": "Harte Bret", 
            "object_id": "14", 
            "change_message": "", 
            "user": [
                "admin"
            ], 
            "content_type": [
                "books", 
                "author"
            ]
        }
    }, 
    {
        "pk": 51, 
        "model": "admin.logentry", 
        "fields": {
            "action_flag": 1, 
            "action_time": "2013-03-24T23:04:46Z", 
            "object_repr": "Grant Robert", 
            "object_id": "13", 
            "change_message": "", 
            "user": [
                "admin"
            ], 
            "content_type": [
                "books", 
                "author"
            ]
        }
    }, 
    {
        "pk": 50, 
        "model": "admin.logentry", 
        "fields": {
            "action_flag": 1, 
            "action_time": "2013-03-24T23:04:28Z", 
            "object_repr": "Spofford Harriet Prescott ", 
            "object_id": "12", 
            "change_message": "", 
            "user": [
                "admin"
            ], 
            "content_type": [
                "books", 
                "author"
            ]
        }
    }, 
    {
        "pk": 49, 
        "model": "admin.logentry", 
        "fields": {
            "action_flag": 1, 
            "action_time": "2013-03-24T23:03:51Z", 
            "object_repr": "Rowson Susanna", 
            "object_id": "11", 
            "change_message": "", 
            "user": [
                "admin"
            ], 
            "content_type": [
                "books", 
                "author"
            ]
        }
    }, 
    {
        "pk": 48, 
        "model": "admin.logentry", 
        "fields": {
            "action_flag": 1, 
            "action_time": "2013-03-24T22:32:29Z", 
            "object_repr": "Edwards Jonathan", 
            "object_id": "10", 
            "change_message": "", 
            "user": [
                "admin"
            ], 
            "content_type": [
                "books", 
                "author"
            ]
        }
    }, 
    {
        "pk": 47, 
        "model": "admin.logentry", 
        "fields": {
            "action_flag": 1, 
            "action_time": "2013-03-24T22:32:04Z", 
            "object_repr": "Poe Edgar Allan", 
            "object_id": "9", 
            "change_message": "", 
            "user": [
                "admin"
            ], 
            "content_type": [
                "books", 
                "author"
            ]
        }
    }, 
    {
        "pk": 46, 
        "model": "admin.logentry", 
        "fields": {
            "action_flag": 1, 
            "action_time": "2013-03-24T22:31:43Z", 
            "object_repr": "King Grace", 
            "object_id": "8", 
            "change_message": "", 
            "user": [
                "admin"
            ], 
            "content_type": [
                "books", 
                "author"
            ]
        }
    }, 
    {
        "pk": 45, 
        "model": "admin.logentry", 
        "fields": {
            "action_flag": 1, 
            "action_time": "2013-03-24T22:31:15Z", 
            "object_repr": "Apes William ", 
            "object_id": "7", 
            "change_message": "", 
            "user": [
                "admin"
            ], 
            "content_type": [
                "books", 
                "author"
            ]
        }
    }, 
    {
        "pk": 44, 
        "model": "admin.logentry", 
        "fields": {
            "action_flag": 1, 
            "action_time": "2013-03-24T06:37:42Z", 
            "object_repr": "Austen Jane", 
            "object_id": "6", 
            "change_message": "", 
            "user": [
                "admin"
            ], 
            "content_type": [
                "books", 
                "author"
            ]
        }
    }, 
    {
        "pk": 43, 
        "model": "admin.logentry", 
        "fields": {
            "action_flag": 1, 
            "action_time": "2013-03-24T06:36:54Z", 
            "object_repr": "Irving Washington", 
            "object_id": "5", 
            "change_message": "", 
            "user": [
                "admin"
            ], 
            "content_type": [
                "books", 
                "author"
            ]
        }
    }, 
    {
        "pk": 42, 
        "model": "admin.logentry", 
        "fields": {
            "action_flag": 1, 
            "action_time": "2013-03-24T06:36:14Z", 
            "object_repr": "Twain Mark", 
            "object_id": "4", 
            "change_message": "", 
            "user": [
                "admin"
            ], 
            "content_type": [
                "books", 
                "author"
            ]
        }
    }, 
    {
        "pk": 41, 
        "model": "admin.logentry", 
        "fields": {
            "action_flag": 1, 
            "action_time": "2013-03-08T03:35:25Z", 
            "object_repr": "New Book", 
            "object_id": "6", 
            "change_message": "", 
            "user": [
                "admin"
            ], 
            "content_type": [
                "books", 
                "book"
            ]
        }
    }, 
    {
        "pk": 40, 
        "model": "admin.logentry", 
        "fields": {
            "action_flag": 1, 
            "action_time": "2013-03-05T03:58:58Z", 
            "object_repr": "I hated it", 
            "object_id": "3", 
            "change_message": "", 
            "user": [
                "admin"
            ], 
            "content_type": [
                "discussions", 
                "post"
            ]
        }
    }, 
    {
        "pk": 39, 
        "model": "admin.logentry", 
        "fields": {
            "action_flag": 1, 
            "action_time": "2013-03-05T03:58:43Z", 
            "object_repr": "This was good", 
            "object_id": "2", 
            "change_message": "", 
            "user": [
                "admin"
            ], 
            "content_type": [
                "discussions", 
                "post"
            ]
        }
    }, 
    {
        "pk": 38, 
        "model": "admin.logentry", 
        "fields": {
            "action_flag": 1, 
            "action_time": "2013-03-05T03:58:28Z", 
            "object_repr": "I think its unfair", 
            "object_id": "1", 
            "change_message": "", 
            "user": [
                "admin"
            ], 
            "content_type": [
                "discussions", 
                "post"
            ]
        }
    }, 
    {
        "pk": 37, 
        "model": "admin.logentry", 
        "fields": {
            "action_flag": 1, 
            "action_time": "2013-03-05T03:56:01Z", 
            "object_repr": "Do you like it?", 
            "object_id": "3", 
            "change_message": "", 
            "user": [
                "admin"
            ], 
            "content_type": [
                "discussions", 
                "topic"
            ]
        }
    }, 
    {
        "pk": 36, 
        "model": "admin.logentry", 
        "fields": {
            "action_flag": 1, 
            "action_time": "2013-03-05T03:55:30Z", 
            "object_repr": "What happened?", 
            "object_id": "2", 
            "change_message": "", 
            "user": [
                "admin"
            ], 
            "content_type": [
                "discussions", 
                "topic"
            ]
        }
    }, 
    {
        "pk": 35, 
        "model": "admin.logentry", 
        "fields": {
            "action_flag": 1, 
            "action_time": "2013-03-05T03:55:11Z", 
            "object_repr": "Why did he die?", 
            "object_id": "1", 
            "change_message": "", 
            "user": [
                "admin"
            ], 
            "content_type": [
                "discussions", 
                "topic"
            ]
        }
    }, 
    {
        "pk": 34, 
        "model": "admin.logentry", 
        "fields": {
            "action_flag": 2, 
            "action_time": "2013-03-05T01:31:30Z", 
            "object_repr": "The Alchemist", 
            "object_id": "1", 
            "change_message": "Changed cover.", 
            "user": [
                "admin"
            ], 
            "content_type": [
                "books", 
                "book"
            ]
        }
    }, 
    {
        "pk": 33, 
        "model": "admin.logentry", 
        "fields": {
            "action_flag": 2, 
            "action_time": "2013-03-05T00:52:45Z", 
            "object_repr": "The Alchemist", 
            "object_id": "1", 
            "change_message": "Changed cover.", 
            "user": [
                "admin"
            ], 
            "content_type": [
                "books", 
                "book"
            ]
        }
    }, 
    {
        "pk": 32, 
        "model": "admin.logentry", 
        "fields": {
            "action_flag": 3, 
            "action_time": "2013-03-03T01:53:19Z", 
            "object_repr": "sariag", 
            "object_id": "8", 
            "change_message": "", 
            "user": [
                "admin"
            ], 
            "content_type": [
                "auth", 
                "user"
            ]
        }
    }, 
    {
        "pk": 31, 
        "model": "admin.logentry", 
        "fields": {
            "action_flag": 2, 
            "action_time": "2013-03-03T01:53:03Z", 
            "object_repr": "127.0.0.1:8000", 
            "object_id": "1", 
            "change_message": "Changed domain and name.", 
            "user": [
                "admin"
            ], 
            "content_type": [
                "sites", 
                "site"
            ]
        }
    }, 
    {
        "pk": 30, 
        "model": "admin.logentry", 
        "fields": {
            "action_flag": 2, 
            "action_time": "2013-02-26T22:34:02Z", 
            "object_repr": "user", 
            "object_id": "2", 
            "change_message": "Changed password, first_name and last_name.", 
            "user": [
                "admin"
            ], 
            "content_type": [
                "auth", 
                "user"
            ]
        }
    }, 
    {
        "pk": 29, 
        "model": "admin.logentry", 
        "fields": {
            "action_flag": 1, 
            "action_time": "2013-02-26T22:32:50Z", 
            "object_repr": "user2", 
            "object_id": "3", 
            "change_message": "", 
            "user": [
                "admin"
            ], 
            "content_type": [
                "auth", 
                "user"
            ]
        }
    }, 
    {
        "pk": 28, 
        "model": "admin.logentry", 
        "fields": {
            "action_flag": 1, 
            "action_time": "2013-02-26T22:32:41Z", 
            "object_repr": "user", 
            "object_id": "2", 
            "change_message": "", 
            "user": [
                "admin"
            ], 
            "content_type": [
                "auth", 
                "user"
            ]
        }
    }, 
    {
        "pk": 27, 
        "model": "admin.logentry", 
        "fields": {
            "action_flag": 1, 
            "action_time": "2013-02-21T01:01:25Z", 
            "object_repr": "nice genre", 
            "object_id": "16", 
            "change_message": "", 
            "user": [
                "admin"
            ], 
            "content_type": [
                "books", 
                "genre"
            ]
        }
    }, 
    {
        "pk": 26, 
        "model": "admin.logentry", 
        "fields": {
            "action_flag": 1, 
            "action_time": "2013-02-12T00:56:59Z", 
            "object_repr": "test", 
            "object_id": "5", 
            "change_message": "", 
            "user": [
                "admin"
            ], 
            "content_type": [
                "books", 
                "book"
            ]
        }
    }, 
    {
        "pk": 25, 
        "model": "admin.logentry", 
        "fields": {
            "action_flag": 2, 
            "action_time": "2013-02-12T00:48:48Z", 
            "object_repr": "The Five People You Meet in Heaven", 
            "object_id": "3", 
            "change_message": "Changed description.", 
            "user": [
                "admin"
            ], 
            "content_type": [
                "books", 
                "book"
            ]
        }
    }, 
    {
        "pk": 24, 
        "model": "admin.logentry", 
        "fields": {
            "action_flag": 2, 
            "action_time": "2013-02-12T00:48:43Z", 
            "object_repr": "The Five People You Meet in Heaven", 
            "object_id": "3", 
            "change_message": "Changed description.", 
            "user": [
                "admin"
            ], 
            "content_type": [
                "books", 
                "book"
            ]
        }
    }, 
    {
        "pk": 23, 
        "model": "admin.logentry", 
        "fields": {
            "action_flag": 2, 
            "action_time": "2013-02-11T23:46:52Z", 
            "object_repr": "Paulo", 
            "object_id": "1", 
            "change_message": "Changed first_name and last_name.", 
            "user": [
                "admin"
            ], 
            "content_type": [
                "books", 
                "author"
            ]
        }
    }, 
    {
        "pk": 22, 
        "model": "admin.logentry", 
        "fields": {
            "action_flag": 2, 
            "action_time": "2013-02-11T23:46:45Z", 
            "object_repr": "Ken", 
            "object_id": "2", 
            "change_message": "Changed first_name and last_name.", 
            "user": [
                "admin"
            ], 
            "content_type": [
                "books", 
                "author"
            ]
        }
    }, 
    {
        "pk": 21, 
        "model": "admin.logentry", 
        "fields": {
            "action_flag": 2, 
            "action_time": "2013-02-11T23:46:28Z", 
            "object_repr": "Mitch ", 
            "object_id": "3", 
            "change_message": "Changed first_name and last_name.", 
            "user": [
                "admin"
            ], 
            "content_type": [
                "books", 
                "author"
            ]
        }
    }, 
    {
        "pk": 20, 
        "model": "admin.logentry", 
        "fields": {
            "action_flag": 1, 
            "action_time": "2013-02-11T02:43:17Z", 
            "object_repr": "book", 
            "object_id": "4", 
            "change_message": "", 
            "user": [
                "admin"
            ], 
            "content_type": [
                "books", 
                "book"
            ]
        }
    }, 
    {
        "pk": 19, 
        "model": "admin.logentry", 
        "fields": {
            "action_flag": 1, 
            "action_time": "2013-02-11T02:19:13Z", 
            "object_repr": "The Five People You Meet in Heaven", 
            "object_id": "3", 
            "change_message": "", 
            "user": [
                "admin"
            ], 
            "content_type": [
                "books", 
                "book"
            ]
        }
    }, 
    {
        "pk": 18, 
        "model": "admin.logentry", 
        "fields": {
            "action_flag": 1, 
            "action_time": "2013-02-11T02:16:27Z", 
            "object_repr": "One Flew Over the Cuckoo\u2019s Nest", 
            "object_id": "2", 
            "change_message": "", 
            "user": [
                "admin"
            ], 
            "content_type": [
                "books", 
                "book"
            ]
        }
    }, 
    {
        "pk": 17, 
        "model": "admin.logentry", 
        "fields": {
            "action_flag": 1, 
            "action_time": "2013-02-11T02:15:07Z", 
            "object_repr": "The Alchemist", 
            "object_id": "1", 
            "change_message": "", 
            "user": [
                "admin"
            ], 
            "content_type": [
                "books", 
                "book"
            ]
        }
    }, 
    {
        "pk": 16, 
        "model": "admin.logentry", 
        "fields": {
            "action_flag": 1, 
            "action_time": "2013-02-11T02:10:15Z", 
            "object_repr": "Biography", 
            "object_id": "15", 
            "change_message": "", 
            "user": [
                "admin"
            ], 
            "content_type": [
                "books", 
                "genre"
            ]
        }
    }, 
    {
        "pk": 15, 
        "model": "admin.logentry", 
        "fields": {
            "action_flag": 1, 
            "action_time": "2013-02-11T02:09:45Z", 
            "object_repr": "Music", 
            "object_id": "14", 
            "change_message": "", 
            "user": [
                "admin"
            ], 
            "content_type": [
                "books", 
                "genre"
            ]
        }
    }, 
    {
        "pk": 14, 
        "model": "admin.logentry", 
        "fields": {
            "action_flag": 1, 
            "action_time": "2013-02-11T02:09:42Z", 
            "object_repr": "Poetry", 
            "object_id": "13", 
            "change_message": "", 
            "user": [
                "admin"
            ], 
            "content_type": [
                "books", 
                "genre"
            ]
        }
    }, 
    {
        "pk": 13, 
        "model": "admin.logentry", 
        "fields": {
            "action_flag": 1, 
            "action_time": "2013-02-11T02:09:32Z", 
            "object_repr": "Romance", 
            "object_id": "12", 
            "change_message": "", 
            "user": [
                "admin"
            ], 
            "content_type": [
                "books", 
                "genre"
            ]
        }
    }, 
    {
        "pk": 12, 
        "model": "admin.logentry", 
        "fields": {
            "action_flag": 1, 
            "action_time": "2013-02-11T02:09:29Z", 
            "object_repr": "Religion", 
            "object_id": "11", 
            "change_message": "", 
            "user": [
                "admin"
            ], 
            "content_type": [
                "books", 
                "genre"
            ]
        }
    }, 
    {
        "pk": 11, 
        "model": "admin.logentry", 
        "fields": {
            "action_flag": 1, 
            "action_time": "2013-02-11T02:09:24Z", 
            "object_repr": "Politics", 
            "object_id": "10", 
            "change_message": "", 
            "user": [
                "admin"
            ], 
            "content_type": [
                "books", 
                "genre"
            ]
        }
    }, 
    {
        "pk": 10, 
        "model": "admin.logentry", 
        "fields": {
            "action_flag": 1, 
            "action_time": "2013-02-11T02:09:13Z", 
            "object_repr": "Science Fiction", 
            "object_id": "9", 
            "change_message": "", 
            "user": [
                "admin"
            ], 
            "content_type": [
                "books", 
                "genre"
            ]
        }
    }, 
    {
        "pk": 9, 
        "model": "admin.logentry", 
        "fields": {
            "action_flag": 1, 
            "action_time": "2013-02-11T02:09:08Z", 
            "object_repr": "War", 
            "object_id": "8", 
            "change_message": "", 
            "user": [
                "admin"
            ], 
            "content_type": [
                "books", 
                "genre"
            ]
        }
    }, 
    {
        "pk": 8, 
        "model": "admin.logentry", 
        "fields": {
            "action_flag": 1, 
            "action_time": "2013-02-11T02:08:59Z", 
            "object_repr": "Horror", 
            "object_id": "7", 
            "change_message": "", 
            "user": [
                "admin"
            ], 
            "content_type": [
                "books", 
                "genre"
            ]
        }
    }, 
    {
        "pk": 7, 
        "model": "admin.logentry", 
        "fields": {
            "action_flag": 1, 
            "action_time": "2013-02-11T02:08:56Z", 
            "object_repr": "History", 
            "object_id": "6", 
            "change_message": "", 
            "user": [
                "admin"
            ], 
            "content_type": [
                "books", 
                "genre"
            ]
        }
    }, 
    {
        "pk": 6, 
        "model": "admin.logentry", 
        "fields": {
            "action_flag": 1, 
            "action_time": "2013-02-11T02:08:46Z", 
            "object_repr": "Fantasy", 
            "object_id": "5", 
            "change_message": "", 
            "user": [
                "admin"
            ], 
            "content_type": [
                "books", 
                "genre"
            ]
        }
    }, 
    {
        "pk": 5, 
        "model": "admin.logentry", 
        "fields": {
            "action_flag": 1, 
            "action_time": "2013-02-11T02:08:42Z", 
            "object_repr": "Fiction", 
            "object_id": "4", 
            "change_message": "", 
            "user": [
                "admin"
            ], 
            "content_type": [
                "books", 
                "genre"
            ]
        }
    }, 
    {
        "pk": 4, 
        "model": "admin.logentry", 
        "fields": {
            "action_flag": 1, 
            "action_time": "2013-02-11T02:08:13Z", 
            "object_repr": "Adventure", 
            "object_id": "3", 
            "change_message": "", 
            "user": [
                "admin"
            ], 
            "content_type": [
                "books", 
                "genre"
            ]
        }
    }, 
    {
        "pk": 3, 
        "model": "admin.logentry", 
        "fields": {
            "action_flag": 1, 
            "action_time": "2013-02-11T01:52:41Z", 
            "object_repr": "Mitch Albom", 
            "object_id": "3", 
            "change_message": "", 
            "user": [
                "admin"
            ], 
            "content_type": [
                "books", 
                "author"
            ]
        }
    }, 
    {
        "pk": 2, 
        "model": "admin.logentry", 
        "fields": {
            "action_flag": 1, 
            "action_time": "2013-02-11T01:51:22Z", 
            "object_repr": "Ken Kesey", 
            "object_id": "2", 
            "change_message": "", 
            "user": [
                "admin"
            ], 
            "content_type": [
                "books", 
                "author"
            ]
        }
    }, 
    {
        "pk": 1, 
        "model": "admin.logentry", 
        "fields": {
            "action_flag": 1, 
            "action_time": "2013-02-11T01:50:26Z", 
            "object_repr": "Paulo Coelho", 
            "object_id": "1", 
            "change_message": "", 
            "user": [
                "admin"
            ], 
            "content_type": [
                "books", 
                "author"
            ]
        }
    }, 
    {
        "pk": 6, 
        "model": "registration.registrationprofile", 
        "fields": {
            "activation_key": "ALREADY_ACTIVATED", 
            "user": [
                "sariag"
            ]
        }
    }, 
    {
        "pk": 7, 
        "model": "registration.registrationprofile", 
        "fields": {
            "activation_key": "ALREADY_ACTIVATED", 
            "user": [
                "Gayane"
            ]
        }
    }, 
    {
        "pk": 8, 
        "model": "registration.registrationprofile", 
        "fields": {
            "activation_key": "ALREADY_ACTIVATED", 
            "user": [
                "user1"
            ]
        }
    }, 
    {
        "pk": 9, 
        "model": "registration.registrationprofile", 
        "fields": {
            "activation_key": "af0e6590a91cb7171cbc0627b4be50eb7ec145b5", 
            "user": [
                "larsonha"
            ]
        }
    }, 
    {
        "pk": 1, 
        "model": "discussions.topic", 
        "fields": {
            "start_date": "2013-03-05T03:55:11Z", 
            "book": 1, 
            "name": "Why did he die?", 
            "author": [
                "user"
            ]
        }
    }, 
    {
        "pk": 2, 
        "model": "discussions.topic", 
        "fields": {
            "start_date": "2013-03-05T03:55:30Z", 
            "book": 1, 
            "name": "What happened?", 
            "author": [
                "sariag"
            ]
        }
    }, 
    {
        "pk": 3, 
        "model": "discussions.topic", 
        "fields": {
            "start_date": "2013-03-05T03:56:01Z", 
            "book": 3, 
            "name": "Do you like it?", 
            "author": [
                "user"
            ]
        }
    }, 
    {
        "pk": 4, 
        "model": "discussions.topic", 
        "fields": {
            "start_date": "2013-03-05T07:34:33Z", 
            "book": 1, 
            "name": "hi", 
            "author": [
                "sariag"
            ]
        }
    }, 
    {
        "pk": 5, 
        "model": "discussions.topic", 
        "fields": {
            "start_date": "2013-03-05T07:35:00Z", 
            "book": 1, 
            "name": "hi", 
            "author": [
                "sariag"
            ]
        }
    }, 
    {
        "pk": 6, 
        "model": "discussions.topic", 
        "fields": {
            "start_date": "2013-03-05T07:35:04Z", 
            "book": 1, 
            "name": "new", 
            "author": [
                "sariag"
            ]
        }
    }, 
    {
        "pk": 7, 
        "model": "discussions.topic", 
        "fields": {
            "start_date": "2013-03-05T07:40:47Z", 
            "book": 3, 
            "name": "new", 
            "author": [
                "sariag"
            ]
        }
    }, 
    {
        "pk": 8, 
        "model": "discussions.topic", 
        "fields": {
            "start_date": "2013-03-05T07:55:30Z", 
            "book": 2, 
            "name": "new topic", 
            "author": [
                "sariag"
            ]
        }
    }, 
    {
        "pk": 9, 
        "model": "discussions.topic", 
        "fields": {
            "start_date": "2013-03-05T08:36:49Z", 
            "book": 1, 
            "name": "h", 
            "author": [
                "user"
            ]
        }
    }, 
    {
        "pk": 10, 
        "model": "discussions.topic", 
        "fields": {
            "start_date": "2013-03-05T08:46:02Z", 
            "book": 1, 
            "name": "jhjh", 
            "author": [
                "user"
            ]
        }
    }, 
    {
        "pk": 11, 
        "model": "discussions.topic", 
        "fields": {
            "start_date": "2013-03-05T08:52:38Z", 
            "book": 1, 
            "name": "v", 
            "author": [
                "user"
            ]
        }
    }, 
    {
        "pk": 12, 
        "model": "discussions.topic", 
        "fields": {
            "start_date": "2013-03-11T00:28:40Z", 
            "book": 5, 
            "name": "bla", 
            "author": [
                "admin"
            ]
        }
    }, 
    {
        "pk": 13, 
        "model": "discussions.topic", 
        "fields": {
            "start_date": "2013-03-11T00:28:58Z", 
            "book": 5, 
            "name": "hi", 
            "author": [
                "admin"
            ]
        }
    }, 
    {
        "pk": 14, 
        "model": "discussions.topic", 
        "fields": {
            "start_date": "2013-03-11T13:33:36Z", 
            "book": 6, 
            "name": "fdtd", 
            "author": [
                "admin"
            ]
        }
    }, 
    {
        "pk": 15, 
        "model": "discussions.topic", 
        "fields": {
            "start_date": "2013-03-18T01:39:07Z", 
            "book": 1, 
            "name": "slsl;dk", 
            "author": [
                "user"
            ]
        }
    }, 
    {
        "pk": 1, 
        "model": "discussions.post", 
        "fields": {
            "topic": 1, 
            "post_date": "2013-03-05T03:58:28Z", 
            "post_content": "I think its unfair", 
            "author": [
                "user"
            ]
        }
    }, 
    {
        "pk": 2, 
        "model": "discussions.post", 
        "fields": {
            "topic": 3, 
            "post_date": "2013-03-05T03:58:43Z", 
            "post_content": "This was good", 
            "author": [
                "sariag"
            ]
        }
    }, 
    {
        "pk": 3, 
        "model": "discussions.post", 
        "fields": {
            "topic": 3, 
            "post_date": "2013-03-05T03:58:58Z", 
            "post_content": "I hated it", 
            "author": [
                "user"
            ]
        }
    }, 
    {
        "pk": 4, 
        "model": "discussions.post", 
        "fields": {
            "topic": 3, 
            "post_date": "2013-03-05T06:53:01Z", 
            "post_content": "bla", 
            "author": [
                "sariag"
            ]
        }
    }, 
    {
        "pk": 5, 
        "model": "discussions.post", 
        "fields": {
            "topic": 3, 
            "post_date": "2013-03-05T06:53:06Z", 
            "post_content": "hi", 
            "author": [
                "sariag"
            ]
        }
    }, 
    {
        "pk": 6, 
        "model": "discussions.post", 
        "fields": {
            "topic": 3, 
            "post_date": "2013-03-05T06:53:11Z", 
            "post_content": "", 
            "author": [
                "sariag"
            ]
        }
    }, 
    {
        "pk": 7, 
        "model": "discussions.post", 
        "fields": {
            "topic": 3, 
            "post_date": "2013-03-05T07:07:45Z", 
            "post_content": "asdasd", 
            "author": [
                "sariag"
            ]
        }
    }, 
    {
        "pk": 8, 
        "model": "discussions.post", 
        "fields": {
            "topic": 3, 
            "post_date": "2013-03-05T07:16:51Z", 
            "post_content": "hi", 
            "author": [
                "sariag"
            ]
        }
    }, 
    {
        "pk": 9, 
        "model": "discussions.post", 
        "fields": {
            "topic": 8, 
            "post_date": "2013-03-05T07:55:37Z", 
            "post_content": "new post", 
            "author": [
                "sariag"
            ]
        }
    }, 
    {
        "pk": 10, 
        "model": "discussions.post", 
        "fields": {
            "topic": 14, 
            "post_date": "2013-03-11T13:33:43Z", 
            "post_content": "fydfy", 
            "author": [
                "admin"
            ]
        }
    }, 
    {
        "pk": 11, 
        "model": "discussions.post", 
        "fields": {
            "topic": 14, 
            "post_date": "2013-03-11T13:33:46Z", 
            "post_content": "gfyfy", 
            "author": [
                "admin"
            ]
        }
    }, 
    {
        "pk": 12, 
        "model": "discussions.post", 
        "fields": {
            "topic": 1, 
            "post_date": "2013-03-18T01:39:12Z", 
            "post_content": "dsfsdf", 
            "author": [
                "user"
            ]
        }
    }, 
    {
        "pk": 13, 
        "model": "discussions.post", 
        "fields": {
            "topic": 1, 
            "post_date": "2013-03-23T00:30:12Z", 
            "post_content": "fsdlofjdsf", 
            "author": [
                "user"
            ]
        }
    }, 
    {
        "pk": 14, 
        "model": "discussions.post", 
        "fields": {
            "topic": 4, 
            "post_date": "2013-03-23T00:48:25Z", 
            "post_content": "comment", 
            "author": [
                "user"
            ]
        }
    }, 
    {
        "pk": 15, 
        "model": "discussions.post", 
        "fields": {
            "topic": 1, 
            "post_date": "2013-03-23T01:09:45Z", 
            "post_content": "klajsdlasjd", 
            "author": [
                "user"
            ]
        }
    }, 
    {
        "pk": 16, 
        "model": "discussions.post", 
        "fields": {
            "topic": 1, 
            "post_date": "2013-03-23T01:15:34Z", 
            "post_content": "Here is what people say about this topic:Here is what people say about this topic:Here is what people say about this topic:Here is what people say about this topic:Here is what people say about this topic:Here is what people say about this topic:Here is what people say about this topic:Here is what people say about this topic:Here is what people say about this topic:", 
            "author": [
                "user"
            ]
        }
    }, 
    {
        "pk": 17, 
        "model": "discussions.post", 
        "fields": {
            "topic": 1, 
            "post_date": "2013-03-23T01:16:16Z", 
            "post_content": "Here is what people say about this topic:Here is what people say about this topic:Here is what people say about this topic:Here is what people say about this topic:Here is what people say about this topic:Here is what people say about this topic:Here is what people say about this topic:", 
            "author": [
                "user"
            ]
        }
    }, 
    {
        "pk": 18, 
        "model": "discussions.post", 
        "fields": {
            "topic": 1, 
            "post_date": "2013-03-23T01:16:25Z", 
            "post_content": "Here is what people say about this topic:Here is what people say about this topic:Here is what people say about this topic:Here is what people say about this topic:Here is what people say about this topic:Here is what people say about this topic:Here is what people say about this topic:Here is what people say about this topic:Here is what people say about this topic:Here is what people say about this topic:Here is what people say about this topic:Here is what people say about this topic:", 
            "author": [
                "user"
            ]
        }
    }, 
    {
        "pk": 19, 
        "model": "discussions.post", 
        "fields": {
            "topic": 1, 
            "post_date": "2013-03-23T01:16:36Z", 
            "post_content": "Here is what people say about this topic:Here is what people say about this topic:Here is what people say about this topic:Here is what people say about this topic:Here is what people say about this topic:Here is what people say about this topic:Here is what people say about this topic:Here is what people say about this topic:Here is what people say about this topic:Here is what people say about this topic:Here is what people ", 
            "author": [
                "user"
            ]
        }
    }, 
    {
        "pk": 20, 
        "model": "discussions.post", 
        "fields": {
            "topic": 1, 
            "post_date": "2013-03-23T02:08:18Z", 
            "post_content": "sdfsdf", 
            "author": [
                "user"
            ]
        }
    }, 
    {
        "pk": 21, 
        "model": "discussions.post", 
        "fields": {
            "topic": 1, 
            "post_date": "2013-03-23T02:08:29Z", 
            "post_content": "This is saro\r\n", 
            "author": [
                "user"
            ]
        }
    }, 
    {
        "pk": 22, 
        "model": "discussions.post", 
        "fields": {
            "topic": 1, 
            "post_date": "2013-03-24T00:58:38Z", 
            "post_content": "new comment", 
            "author": [
                "user"
            ]
        }
    }
]